{
  "版本": 2,
  "基准": "设置背景图.png",
  "组件": {
    "行:调速": {
      "x": 0.14381022979985175,
      "y": 0.11420982735723771,
      "w": 0.15122312824314307,
      "h": 0.0650730411686587
    },
    "行:变速": {
      "x": 0.11934766493699037,
      "y": 0.20185922974767595,
      "w": 0.15270570793180133,
      "h": 0.06241699867197875
    },
    "行:变速类型": {
      "x": 0.11045218680504076,
      "y": 0.29349269588313415,
      "w": 0.14529280948851,
      "h": 0.06241699867197875
    },
    "行:隐藏": {
      "x": 0.10303928836174944,
      "y": 0.38247011952191234,
      "w": 0.15270570793180133,
      "h": 0.06241699867197875
    },
    "行:轨迹": {
      "x": 0.10452186805040771,
      "y": 0.47277556440903057,
      "w": 0.15270570793180133,
      "h": 0.06241699867197875
    },
    "行:方向": {
      "x": 0.11415863602668644,
      "y": 0.5617529880478087,
      "w": 0.15270570793180133,
      "h": 0.06241699867197875
    },
    "行:大小": {
      "x": 0.12379540400296515,
      "y": 0.650730411686587,
      "w": 0.15270570793180133,
      "h": 0.06241699867197875
    },
    "控件:调速:左": {
      "x": 0.14529280948851,
      "y": 0.11686586985391766,
      "w": 0.0340993328391401,
      "h": 0.05843293492695883
    },
    "控件:调速:右": {
      "x": 0.2631578947368421,
      "y": 0.11952191235059761,
      "w": 0.0340993328391401,
      "h": 0.05843293492695883
    },
    "控件:调速:内容": {
      "x": 0.17865085248332097,
      "y": 0.11686586985391766,
      "w": 0.083765752409192,
      "h": 0.05976095617529881
    },
    "控件:变速:左": {
      "x": 0.11860637509266123,
      "y": 0.2058432934926959,
      "w": 0.0340993328391401,
      "h": 0.05843293492695883
    },
    "控件:变速:右": {
      "x": 0.23943661971830985,
      "y": 0.2058432934926959,
      "w": 0.0340993328391401,
      "h": 0.05843293492695883
    },
    "控件:变速:内容": {
      "x": 0.15344699777613047,
      "y": 0.20318725099601595,
      "w": 0.08450704225352113,
      "h": 0.06241699867197875
    },
    "控件:变速类型:左": {
      "x": 0.1111934766493699,
      "y": 0.29349269588313415,
      "w": 0.0340993328391401,
      "h": 0.05843293492695883
    },
    "控件:变速类型:右": {
      "x": 0.22386953298739806,
      "y": 0.2948207171314741,
      "w": 0.0340993328391401,
      "h": 0.05843293492695883
    },
    "控件:变速类型:内容": {
      "x": 0.14158636026686433,
      "y": 0.2921646746347942,
      "w": 0.08228317272053373,
      "h": 0.06241699867197875
    },
    "控件:隐藏:左": {
      "x": 0.10526315789473684,
      "y": 0.38247011952191234,
      "w": 0.0340993328391401,
      "h": 0.05843293492695883
    },
    "控件:隐藏:右": {
      "x": 0.22164566345441067,
      "y": 0.3851261620185923,
      "w": 0.0340993328391401,
      "h": 0.05843293492695883
    },
    "控件:隐藏:内容": {
      "x": 0.13862120088954782,
      "y": 0.38247011952191234,
      "w": 0.08450704225352113,
      "h": 0.06241699867197875
    },
    "控件:轨迹:左": {
      "x": 0.10303928836174944,
      "y": 0.47277556440903057,
      "w": 0.0340993328391401,
      "h": 0.05843293492695883
    },
    "控件:轨迹:右": {
      "x": 0.22164566345441067,
      "y": 0.47277556440903057,
      "w": 0.0340993328391401,
      "h": 0.05843293492695883
    },
    "控件:轨迹:内容": {
      "x": 0.13787991104521868,
      "y": 0.4701195219123506,
      "w": 0.08450704225352113,
      "h": 0.06241699867197875
    },
    "控件:方向:左": {
      "x": 0.11489992587101557,
      "y": 0.5630810092961488,
      "w": 0.0340993328391401,
      "h": 0.05843293492695883
    },
    "控件:方向:右": {
      "x": 0.23202372127501852,
      "y": 0.5670650730411687,
      "w": 0.0340993328391401,
      "h": 0.05843293492695883
    },
    "控件:方向:内容": {
      "x": 0.15048183839881393,
      "y": 0.5617529880478087,
      "w": 0.08005930318754632,
      "h": 0.06241699867197875
    },
    "控件:大小:左": {
      "x": 0.12601927353595255,
      "y": 0.6533864541832669,
      "w": 0.0340993328391401,
      "h": 0.05843293492695883
    },
    "控件:大小:右": {
      "x": 0.24314306893995552,
      "y": 0.6533864541832669,
      "w": 0.0340993328391401,
      "h": 0.05843293492695883
    },
    "控件:大小:内容": {
      "x": 0.1608598962194218,
      "y": 0.6520584329349269,
      "w": 0.08005930318754632,
      "h": 0.06241699867197875
    },
    "背景区": {
      "x": 0.34321719792438843,
      "y": 0.18857901726427623,
      "w": 0.6174944403261675,
      "h": 0.5378486055776892
    },
    "背景控件:左": {
      "x": 0.346182357301705,
      "y": 0.34395750332005315,
      "w": 0.039288361749444035,
      "h": 0.13678618857901725
    },
    "背景控件:右": {
      "x": 0.8977020014825797,
      "y": 0.4196547144754316,
      "w": 0.039288361749444035,
      "h": 0.13678618857901725
    },
    "背景控件:预览": {
      "x": 0.40400296515937734,
      "y": 0.21646746347941567,
      "w": 0.4633061527057079,
      "h": 0.4860557768924303
    },
    "箭头预览区": {
      "x": 0.20014825796886582,
      "y": 0.750332005312085,
      "w": 0.0770941438102298,
      "h": 0.13811420982735723
    },
    "箭头预览控件:左": {
      "x": 0.16382505559673832,
      "y": 0.7556440903054449,
      "w": 0.0363232023721275,
      "h": 0.12616201859229748
    },
    "箭头预览控件:右": {
      "x": 0.27798369162342473,
      "y": 0.7569721115537849,
      "w": 0.0363232023721275,
      "h": 0.12616201859229748
    }
  },
  "文字缩放": {
    "调速": 0.85,
    "变速": 0.75,
    "变速类型": 0.75,
    "隐藏": 0.8,
    "轨迹": 0.8,
    "方向": 0.75,
    "大小": 0.8
  }
}